rank,date,ticker,name,isin,market,trade_republic_status,previous_open,previous_close,previous_high,previous_low,body,body_pct,last_volume,avg_volume_20d,relative_volume,return_5d,return_10d,return_20d,atr_14,atr_pct,close_position,distance_to_20d_high_pct,gap_pct,score,classification,news_check,notes
1,2026-10-07,MU,Micron Technology,US5951121038,USA,Disponible,1017.37,1088.0,1089.22,1011.42,70.63,6.94,30859500,25631945.0,1.2,2.15,1.5,5.86,43.55,4.0,0.98,1.9,-4.78,70.0,Media prioridad,Pendiente revisión manual,fuerte vela alcista. cierre cerca de maximos.
2,2026-10-07,SMCI,Super Micro Computer,US86800U1043,USA,Disponible,42.6,44.94,45.77,42.46,2.34,5.49,40541100,36680100.0,1.11,9.42,8.45,15.44,2.13,4.73,0.75,1.85,-4.8,67.0,Media prioridad,Pendiente revisión manual,fuerte vela alcista.
3,2026-10-07,CEG,Constellation Energy,N/A,USA,Disponible,290.42,299.59,299.95,286.4,9.16,3.16,7390200,3831880.0,1.93,17.94,13.53,1.93,13.15,4.39,0.97,3.41,-4.67,66.0,Media prioridad,Pendiente revisión manual,buen cuerpo alcista. cierre cerca de maximos.
4,2026-10-07,RBLX,Roblox,N/A,USA,Disponible,44.03,46.41,46.66,43.86,2.38,5.41,12600400,12073660.0,1.04,9.54,-5.27,4.25,2.49,5.36,0.91,11.96,-1.91,63.0,Media prioridad,Pendiente revisión manual,fuerte vela alcista. cierre cerca de maximos.
5,2026-10-07,MRNA,Moderna,N/A,USA,Disponible,183.64,196.48,197.69,182.5,12.84,6.99,14640200,15499475.0,0.94,2.03,7.89,44.89,15.88,8.08,0.92,8.01,N/A,61.11,Media prioridad,Pendiente revisión manual,fuerte vela alcista. volumen relativo debil. cierre cerca de maximos. gap no disponible.
6,2026-10-07,PUM.DE,Puma,N/A,Germany,Disponible,21.98,23.0,23.16,21.91,1.02,4.64,806746,631125.55,1.28,0.88,3.14,1.1,0.76,3.29,0.87,0.7,-2.61,61.0,Media prioridad,Pendiente revisión manual,buen cuerpo alcista. cierre cerca de maximos.
7,2026-10-07,RI.PA,Pernod Ricard,N/A,France,Disponible,59.08,60.86,61.12,58.7,1.78,3.01,758707,690986.85,1.1,0.33,2.11,1.37,1.35,2.22,0.89,1.54,N/A,60.0,Media prioridad,Pendiente revisión manual,buen cuerpo alcista. cierre cerca de maximos. gap no disponible.
8,2026-10-07,ENPH,Enphase Energy,N/A,USA,Disponible,32.53,33.5,33.51,32.49,0.97,2.98,3469500,4654790.0,0.75,1.55,1.3,-8.77,1.5,4.48,0.99,14.24,-1.49,51.0,Baja prioridad,Pendiente revisión manual,buen cuerpo alcista. volumen relativo debil. cierre cerca de maximos.
9,2026-10-07,HFG.DE,HelloFresh,N/A,Germany,Disponible,2.34,2.42,2.46,2.33,0.08,3.51,975790,1030904.8,0.95,3.02,-10.33,-15.08,0.13,5.3,0.72,22.06,3.84,50.0,Baja prioridad,Pendiente revisión manual,buen cuerpo alcista. volumen relativo debil.
10,2026-10-07,STX,Seagate Technology,N/A,USA,Disponible,784.25,807.57,810.78,780.9,23.32,2.97,4415300,4596465.0,0.96,-12.44,-12.59,-8.84,57.36,7.1,0.89,17.19,-4.01,38.0,Descartar,Pendiente revisión manual,buen cuerpo alcista. volumen relativo debil. cierre cerca de maximos.
