rank,date,ticker,name,isin,market,trade_republic_status,open,close,high,low,body,body_pct,volume
1,2026-10-02,QIA.DE,Qiagen,,Germany,Disponible,37.39,40.405,40.405,37.0,3.015,8.06,1041892
2,2026-10-02,IFX.DE,Infineon,DE0006231004,Germany,Disponible,60.8,64.64,64.83,60.66,3.84,6.32,5618831
3,2026-10-05,MRNA,Moderna,,USA,Disponible,191.41,203.21,205.77,185.9,11.8,6.16,19274700
4,2026-10-02,BESI.AS,BE Semiconductor Industries,,Netherlands,Disponible,194.8,204.8,208.9,192.65,10.0,5.13,722054
5,2026-10-05,GPN,Global Payments,,USA,Disponible,78.3,82.18,82.47,78.03,3.88,4.96,2421100
6,2026-10-05,MELI,MercadoLibre,,USA,Disponible,1774.0,1860.61,1871.67,1769.76,86.61,4.88,1259000
7,2026-10-05,U,Unity Software,,USA,Disponible,43.65,45.68,46.34,43.567,2.03,4.65,8740300
8,2026-10-05,SHOP,Shopify,CA82509L1076,USA,Disponible,153.06,160.11,162.99,151.7,7.05,4.61,8948900
9,2026-10-05,FICO,Fair Isaac,,USA,Disponible,661.73,689.61,692.92,648.95,27.88,4.21,1167800
10,2026-10-05,APP,AppLovin,,USA,Disponible,270.615,281.97,287.2,270.0,11.355,4.2,6894700
